{"cameraMode":{"drawMode":0,"name":"Shaded","section":"Shading Mode"},"sceneLighting":false,"audioPlay":false,"sceneViewState":{"showFog":true,"showMaterialUpdate":false,"showSkybox":false,"showFlares":true,"showImageEffects":true,"showParticleSystems":true},"in2DMode":false,"pivot":{"x":-0.636933445930481,"y":-1.162924885749817,"z":-0.5565789937973023},"rotation":{"x":0.09562118351459503,"y":-0.8244318962097168,"z":0.14645364880561829,"w":0.5382654666900635},"size":3.7770230770111086,"orthographic":false}