{"cameraMode":{"drawMode":0,"name":"Shaded","section":"Shading Mode"},"sceneLighting":true,"audioPlay":false,"sceneViewState":{"showFog":true,"showMaterialUpdate":false,"showSkybox":true,"showFlares":true,"showImageEffects":true,"showParticleSystems":true},"in2DMode":false,"pivot":{"x":52.808170318603519,"y":-68.28164672851563,"z":100.68962860107422},"rotation":{"x":0.26074936985969546,"y":0.2698405683040619,"z":-0.07623784244060517,"w":0.9238430857658386},"size":176.52230834960938,"orthographic":false}