{"cameraMode":{"drawMode":0,"name":"Shaded","section":"Shading Mode"},"sceneLighting":false,"audioPlay":false,"sceneViewState":{"showFog":true,"showMaterialUpdate":false,"showSkybox":false,"showFlares":true,"showImageEffects":true,"showParticleSystems":true},"in2DMode":false,"pivot":{"x":-53.851531982421878,"y":-201.07960510253907,"z":-148.11270141601563},"rotation":{"x":-0.10027654469013214,"y":0.8904085159301758,"z":-0.3926375210285187,"w":-0.20964255928993226},"size":256.46649169921877,"orthographic":false}