{"cameraMode":{"drawMode":0,"name":"Shaded","section":"Shading Mode"},"sceneLighting":false,"audioPlay":false,"sceneViewState":{"showFog":true,"showMaterialUpdate":false,"showSkybox":false,"showFlares":true,"showImageEffects":true,"showParticleSystems":true},"in2DMode":false,"pivot":{"x":0.0,"y":0.6419999599456787,"z":-0.4629000127315521},"rotation":{"x":0.13112017512321473,"y":-0.49485108256340029,"z":0.07597661763429642,"w":0.8558139801025391},"size":4.06977653503418,"orthographic":false}