{"cameraMode":{"drawMode":0,"name":"Shaded","section":"Shading Mode"},"sceneLighting":false,"audioPlay":false,"sceneViewState":{"showFog":true,"showMaterialUpdate":false,"showSkybox":false,"showFlares":true,"showImageEffects":true,"showParticleSystems":true},"in2DMode":false,"pivot":{"x":-0.4090222716331482,"y":0.5825039744377136,"z":-4.142302513122559},"rotation":{"x":0.1502842903137207,"y":-0.02781268209218979,"z":0.004202582407742739,"w":0.9882772564888},"size":2.857893466949463,"orthographic":false}